<?xml version="1.0" encoding="UTF-8"?>
<!DOCTYPE fontscolors PUBLIC "-//NetBeans//DTD Editor Fonts and Colors settings 1.1//EN" "http://www.netbeans.org/dtds/EditorFontsColors-1_1.dtd">
<fontscolors>
    <fontcolor default="comment" name="javadoc-identifier"/>
    <fontcolor default="public" name="mod-public"/>
    <fontcolor default="interface" foreColor="ff82aaff" name="mod-interface-declaration"/>
    <fontcolor default="operator" name="operator"/>
    <fontcolor default="number" name="number"/>
    <fontcolor default="char" name="character"/>
    <fontcolor default="method-parameter" name="mod-parameter"/>
    <fontcolor default="comment" name="javadoc-first-sentence"/>
    <fontcolor default="string" name="string-escape">
        <font style="bold"/>
    </fontcolor>
    <fontcolor default="keyword" name="keyword"/>
    <fontcolor default="identifier" name="identifier"/>
    <fontcolor default="field" foreColor="ff82aaff" name="mod-field"/>
    <fontcolor default="method" foreColor="ff82aaff" name="mod-method"/>
    <fontcolor default="interface" foreColor="ffb8d78d" name="mod-interface"/>
    <fontcolor default="constructor" foreColor="ff82aaff" name="mod-constructor-declaration"/>
    <fontcolor default="default" foreColor="cyan" name="html-tag"/>
    <fontcolor default="separator" foreColor="fff09b18" name="separator"/>
    <fontcolor default="method-parameter" name="mod-parameter-declaration"/>
    <fontcolor default="static" name="mod-static"/>
    <fontcolor default="character" name="character-escape">
        <font style="bold"/>
    </fontcolor>
    <fontcolor default="class" foreColor="ff4ec9b0" name="mod-class-declaration"/>
    <fontcolor default="identifier" foreColor="ff82aaff" name="mod-module"/>
    <fontcolor default="error" name="errors"/>
    <fontcolor default="field" foreColor="ff82aaff" name="mod-field-declaration"/>
    <fontcolor default="abstract" name="mod-abstract"/>
    <fontcolor default="string" foreColor="ffc3e88d" name="string"/>
    <fontcolor default="class" foreColor="ff4ec9b0" name="mod-class"/>
    <fontcolor default="unused" foreColor="gray" name="mod-unused"/>
    <fontcolor default="method" foreColor="ff82aaff" name="mod-method-declaration"/>
    <fontcolor default="identifier" foreColor="ff82aaff" name="mod-module-declaration">
        <font style="bold"/>
    </fontcolor>
    <fontcolor default="keyword" foreColor="ff56cdff" name="keyword-directive"/>
    <fontcolor default="keyword" name="literal"/>
    <fontcolor default="deprecated" name="mod-deprecated"/>
    <fontcolor default="interface" foreColor="ff4ec9b0" name="mod-annotation-type"/>
    <fontcolor default="string" name="string-escape-invalid">
        <font style="italic"/>
    </fontcolor>
    <fontcolor default="local-variable" foreColor="ff8f93a2" name="mod-local-variable"/>
    <fontcolor default="keyword" name="mod-keyword"/>
    <fontcolor default="comment" foreColor="fff77d42" name="javadoc-tag">
        <font style="bold"/>
    </fontcolor>
    <fontcolor default="interface" foreColor="ff4ec9b0" name="mod-annotation-type-declaration"/>
    <fontcolor default="protected" name="mod-protected"/>
    <fontcolor default="character" name="character-escape-invalid">
        <font style="italic"/>
    </fontcolor>
    <fontcolor default="enum" foreColor="ff4ec9b0" name="mod-enum"/>
    <fontcolor default="local-variable" foreColor="ff8f93a2" name="mod-local-variable-declaration"/>
    <fontcolor default="private" name="mod-private"/>
    <fontcolor default="enum" foreColor="ff4ec9b0" name="mod-enum-declaration"/>
    <fontcolor default="private" name="mod-package-private"/>
    <fontcolor default="comment" name="comment">
        <font style="plain"/>
    </fontcolor>
    <fontcolor default="whitespace" name="whitespace"/>
    <fontcolor default="constructor" foreColor="ff82aaff" name="mod-constructor"/>
</fontscolors>
