<?xml version="1.0" encoding="UTF-8"?>
<!DOCTYPE fontscolors PUBLIC "-//NetBeans//DTD Editor Fonts and Colors settings 1.2//EN" "http://netbeans.apache.org/dtds/EditorFontsColors-1_2.dtd">
<fontscolors>
    <fontcolor default="whitespace" name="xml-ws"/>
    <fontcolor default="default" name="xml-operator"/>
    <fontcolor default="default" foreColor="cyan" name="xml-ref"/>
    <fontcolor default="default" foreColor="cyan" name="xml-pi-start"/>
    <fontcolor default="string" name="xml-value"/>
    <fontcolor default="default" foreColor="ff7ea5f7" name="xml-tag"/>
    <fontcolor default="default" foreColor="lightGray" name="xml-doctype"/>
    <fontcolor default="default" name="xml-text"/>
    <fontcolor default="default" foreColor="yellow" name="xml-cdata-section"/>
    <fontcolor default="error" name="xml-error"/>
    <fontcolor default="default" foreColor="cyan" name="pi-content"/>
    <fontcolor default="default" foreColor="cyan" name="xml-pi-target">
        <font style="bold"/>
    </fontcolor>
    <fontcolor default="comment" foreColor="6e7ea5f7" name="xml-comment"/>
    <fontcolor default="default" foreColor="cyan" name="pi-end">
        <font style="bold"/>
    </fontcolor>
    <fontcolor default="identifier" name="xml-attribute"/>
    <fontcolor default="whitespace" name="xml-EOL"/>
    <fontcolor default="default" name="xml-pi-content"/>
</fontscolors>
