<?xml version="1.0" encoding="UTF-8"?>
<!DOCTYPE fontscolors PUBLIC "-//NetBeans//DTD Editor Fonts and Colors settings 1.2//EN" "http://netbeans.apache.org/dtds/EditorFontsColors-1_2.dtd">
<fontscolors>
    <fontcolor bgColor="fff9720d" foreColor="white" name="nbeditor-bracesMatching-match" underline="black">
        <font style="bold"/>
    </fontcolor>
    <fontcolor bgColor="ffffffe0" name="coverage-partial"/>
    <fontcolor foreColor="ff253e5a" name="text-limit-line-color"/>
    <fontcolor bgColor="blue" foreColor="white" name="code-folding"/>
    <fontcolor foreColor="ffcc0099" name="synchronized-text-blocks-ext"/>
    <fontcolor bgColor="fff9720d" foreColor="white" name="nbeditor-bracesMatching-mismatch">
        <font style="bold"/>
    </fontcolor>
    <fontcolor name="highlight-caret-row"/>
    <fontcolor bgColor="ffff3333" foreColor="ffff3333" name="caret-color-overwrite-mode"/>
    <fontcolor name="status-bar"/>
    <fontcolor bgColor="ffccffcc" name="coverage-covered"/>
    <fontcolor bgColor="darkGray" name="guarded"/>
    <fontcolor name="trailing-whitespace"/>
    <fontcolor bgColor="ffe0ffe0" name="coverage-inferred"/>
    <fontcolor bgColor="fff9720d" foreColor="white" name="nbeditor-bracesMatching-mismatch-multichar">
        <font style="bold"/>
    </fontcolor>
    <fontcolor bgColor="fff5f5f5" foreColor="ffb4b4b4" name="remove-surround-code-delete"/>
    <fontcolor foreColor="ffcccccc" name="code-folding-border"/>
    <fontcolor name="west-sidebars-color"/>
    <fontcolor foreColor="red" name="status-bar-bold"/>
    <fontcolor name="nbeditor-bracesMatching-sidebar"/>
    <fontcolor foreColor="ff525975" name="line-number"/>
    <fontcolor bgColor="darkGray" name="readonly-files"/>
    <fontcolor bgColor="b77ea5f7" foreColor="white" name="highlight-search"/>
    <fontcolor foreColor="orange" name="code-folding-bar"/>
    <fontcolor foreColor="ff996600" name="synchronized-text-blocks-ext-slave"/>
    <fontcolor foreColor="ffd3d3d3" name="indent-guide-lines"/>
    <fontcolor name="indent-whitespace"/>
    <fontcolor bgColor="ffe0e8f1" foreColor="fff3f3f3" name="block-search"/>
    <fontcolor bgColor="fff77d42" foreColor="fff6f6f6" name="selection"/>
    <fontcolor bgColor="ffffcccc" name="coverage-uncovered"/>
    <fontcolor bgColor="ff38566f" name="inc-search"/>
    <fontcolor bgColor="ffccffcc" name="remove-surround-code-remain"/>
    <fontcolor bgColor="c07ea5f7" foreColor="white" name="nbeditor-bracesMatching-match-multichar">
        <font style="bold"/>
    </fontcolor>
    <fontcolor bgColor="ffff0033" foreColor="red" name="caret-color-insert-mode"/>
    <fontcolor foreColor="cyan" name="hyperlinks" underline="cyan"/>
</fontscolors>
