<?xml version="1.0" encoding="UTF-8"?>
<!DOCTYPE fontscolors PUBLIC "-//NetBeans//DTD Editor Fonts and Colors settings 1.2//EN" "http://netbeans.apache.org/dtds/EditorFontsColors-1_2.dtd">
<fontscolors>
    <fontcolor bgColor="5e7ea5f7" foreColor="white" name="mark-occurrences"/>
    <fontcolor foreColor="ff1edeac" name="identifier"/>
    <fontcolor default="field" name="markup-attribute"/>
    <fontcolor default="identifier" name="method"/>
    <fontcolor foreColor="ffb8e86f" name="string"/>
    <fontcolor default="keyword" name="markup-element"/>
    <fontcolor default="string" name="markup-attribute-value"/>
    <fontcolor foreColor="white" name="error" waveUnderlined="red"/>
    <fontcolor default="default" name="entity-reference"/>
    <fontcolor name="separator"/>
    <fontcolor foreColor="ffc792ea" name="operator"/>
    <fontcolor name="url" underline="cyan"/>
    <fontcolor foreColor="fff77d42" name="number"/>
    <fontcolor bgColor="ff0f111a" foreColor="white" name="default">
        <font name="Consolas" size="14" style="plain"/>
    </fontcolor>
    <fontcolor default="identifier" name="field"/>
    <fontcolor foreColor="ff56cdff" name="char"/>
    <fontcolor name="warning" waveUnderlined="yellow"/>
    <fontcolor foreColor="ff464b5d" name="comment">
        <font style="italic"/>
    </fontcolor>
    <fontcolor foreColor="ffc792ea" name="keyword"/>
    <fontcolor name="whitespace"/>
</fontscolors>
